-- phpMyAdmin SQL Dump
-- version 4.9.0.1
-- https://www.phpmyadmin.net/
--
-- Host: 127.0.0.1
-- Generation Time: Jan 27, 2021 at 04:07 PM
-- Server version: 10.4.6-MariaDB
-- PHP Version: 7.3.9

SET SQL_MODE = "NO_AUTO_VALUE_ON_ZERO";
SET AUTOCOMMIT = 0;
START TRANSACTION;
SET time_zone = "+00:00";


/*!40101 SET @OLD_CHARACTER_SET_CLIENT=@@CHARACTER_SET_CLIENT */;
/*!40101 SET @OLD_CHARACTER_SET_RESULTS=@@CHARACTER_SET_RESULTS */;
/*!40101 SET @OLD_COLLATION_CONNECTION=@@COLLATION_CONNECTION */;
/*!40101 SET NAMES utf8mb4 */;

--
-- Database: `profile_tones_backend`
--

-- --------------------------------------------------------

--
-- Table structure for table `categories`
--

CREATE TABLE `categories` (
  `id` int(10) UNSIGNED NOT NULL,
  `title` varchar(191) COLLATE utf8mb4_unicode_ci NOT NULL,
  `image` varchar(191) COLLATE utf8mb4_unicode_ci DEFAULT NULL,
  `created_at` timestamp NULL DEFAULT NULL,
  `updated_at` timestamp NULL DEFAULT NULL,
  `parent_id` int(10) UNSIGNED DEFAULT NULL,
  `provider_id` int(10) UNSIGNED DEFAULT NULL
) ENGINE=InnoDB DEFAULT CHARSET=utf8mb4 COLLATE=utf8mb4_unicode_ci;

--
-- Dumping data for table `categories`
--

INSERT INTO `categories` (`id`, `title`, `image`, `created_at`, `updated_at`, `parent_id`, `provider_id`) VALUES
(1, 'Tones', NULL, '2021-01-27 09:51:52', '2021-01-27 09:52:32', NULL, NULL);

-- --------------------------------------------------------

--
-- Table structure for table `contents`
--

CREATE TABLE `contents` (
  `id` int(10) UNSIGNED NOT NULL,
  `title` varchar(191) COLLATE utf8mb4_unicode_ci NOT NULL,
  `path` text COLLATE utf8mb4_unicode_ci NOT NULL,
  `image_preview` varchar(191) COLLATE utf8mb4_unicode_ci DEFAULT NULL,
  `content_type_id` int(10) UNSIGNED NOT NULL,
  `category_id` int(10) UNSIGNED NOT NULL,
  `patch_number` varchar(191) COLLATE utf8mb4_unicode_ci DEFAULT NULL,
  `created_at` timestamp NULL DEFAULT NULL,
  `updated_at` timestamp NULL DEFAULT NULL
) ENGINE=InnoDB DEFAULT CHARSET=utf8mb4 COLLATE=utf8mb4_unicode_ci;

--
-- Dumping data for table `contents`
--

INSERT INTO `contents` (`id`, `title`, `path`, `image_preview`, `content_type_id`, `category_id`, `patch_number`, `created_at`, `updated_at`) VALUES
(1, 'اعتذر عن الرد انا اقود حاليا', '1611749547290.mp3', NULL, 4, 1, NULL, '2021-01-27 10:12:27', '2021-01-27 10:12:27'),
(2, 'صاحب الموبيل يؤدي الصلاه حاليا', '1611749587432.mp3', NULL, 4, 1, NULL, '2021-01-27 10:13:07', '2021-01-27 10:13:07'),
(3, 'اعتذر عن الرد انا في اجازة', '1611749622617.mp3', NULL, 4, 1, NULL, '2021-01-27 10:13:42', '2021-01-27 10:13:42'),
(4, 'صاحب الموبايل نائما حاليا', '1611749655999.mp3', NULL, 4, 1, NULL, '2021-01-27 10:14:15', '2021-01-27 10:14:15'),
(5, 'اعتذر عن الرد انا خارج الديره', '1611749699915.mp3', NULL, 4, 1, NULL, '2021-01-27 10:14:59', '2021-01-27 10:14:59');

-- --------------------------------------------------------

--
-- Table structure for table `content_types`
--

CREATE TABLE `content_types` (
  `id` int(10) UNSIGNED NOT NULL,
  `title` varchar(191) COLLATE utf8mb4_unicode_ci NOT NULL,
  `created_at` timestamp NULL DEFAULT NULL,
  `updated_at` timestamp NULL DEFAULT NULL
) ENGINE=InnoDB DEFAULT CHARSET=utf8mb4 COLLATE=utf8mb4_unicode_ci;

--
-- Dumping data for table `content_types`
--

INSERT INTO `content_types` (`id`, `title`, `created_at`, `updated_at`) VALUES
(4, 'Audio', '2019-02-14 11:06:34', '2019-02-14 11:06:34');

-- --------------------------------------------------------

--
-- Table structure for table `countries`
--

CREATE TABLE `countries` (
  `id` int(10) UNSIGNED NOT NULL,
  `title` varchar(191) COLLATE utf8mb4_unicode_ci NOT NULL,
  `created_at` timestamp NULL DEFAULT NULL,
  `updated_at` timestamp NULL DEFAULT NULL
) ENGINE=InnoDB DEFAULT CHARSET=utf8mb4 COLLATE=utf8mb4_unicode_ci;

--
-- Dumping data for table `countries`
--

INSERT INTO `countries` (`id`, `title`, `created_at`, `updated_at`) VALUES
(1, 'kuwait', '2021-01-27 09:47:04', '2021-01-27 09:47:04');

-- --------------------------------------------------------

--
-- Table structure for table `delete_all_flags`
--

CREATE TABLE `delete_all_flags` (
  `id` int(10) UNSIGNED NOT NULL,
  `route_id` int(11) NOT NULL,
  `created_at` timestamp NULL DEFAULT NULL,
  `updated_at` timestamp NULL DEFAULT NULL
) ENGINE=InnoDB DEFAULT CHARSET=utf8mb4 COLLATE=utf8mb4_unicode_ci;

-- --------------------------------------------------------

--
-- Table structure for table `languages`
--

CREATE TABLE `languages` (
  `id` int(10) UNSIGNED NOT NULL,
  `title` varchar(191) COLLATE utf8mb4_unicode_ci NOT NULL,
  `created_at` timestamp NULL DEFAULT NULL,
  `updated_at` timestamp NULL DEFAULT NULL,
  `short_code` varchar(191) COLLATE utf8mb4_unicode_ci NOT NULL,
  `rtl` tinyint(1) NOT NULL
) ENGINE=InnoDB DEFAULT CHARSET=utf8mb4 COLLATE=utf8mb4_unicode_ci;

-- --------------------------------------------------------

--
-- Table structure for table `migrations`
--

CREATE TABLE `migrations` (
  `id` int(10) UNSIGNED NOT NULL,
  `migration` varchar(255) COLLATE utf8mb4_unicode_ci NOT NULL,
  `batch` int(11) NOT NULL
) ENGINE=InnoDB DEFAULT CHARSET=utf8mb4 COLLATE=utf8mb4_unicode_ci;

--
-- Dumping data for table `migrations`
--

INSERT INTO `migrations` (`id`, `migration`, `batch`) VALUES
(1, '2017_08_01_141233_create_permission_tables', 1),
(2, '2019_04_22_161443_create_categories_table', 1),
(3, '2019_04_22_161443_create_content_types_table', 1),
(4, '2019_04_22_161443_create_contents_table', 1),
(5, '2019_04_22_161443_create_countries_table', 1),
(6, '2019_04_22_161443_create_delete_all_flags_table', 1),
(7, '2019_04_22_161443_create_languages_table', 1),
(8, '2019_04_22_161443_create_operators_table', 1),
(9, '2019_04_22_161443_create_password_resets_table', 1),
(10, '2019_04_22_161443_create_permissions_table', 1),
(11, '2019_04_22_161443_create_posts_table', 1),
(12, '2019_04_22_161443_create_rbt_codes_table', 1),
(13, '2019_04_22_161443_create_relations_table', 1),
(14, '2019_04_22_161443_create_role_has_permissions_table', 1),
(15, '2019_04_22_161443_create_role_route_table', 1),
(16, '2019_04_22_161443_create_roles_table', 1),
(17, '2019_04_22_161443_create_routes_table', 1),
(18, '2019_04_22_161443_create_scaffoldinterfaces_table', 1),
(19, '2019_04_22_161443_create_settings_table', 1),
(20, '2019_04_22_161443_create_static_bodies_table', 1),
(21, '2019_04_22_161443_create_static_translations_table', 1),
(22, '2019_04_22_161443_create_tans_bodies_table', 1),
(23, '2019_04_22_161443_create_translatables_table', 1),
(24, '2019_04_22_161443_create_types_table', 1),
(25, '2019_04_22_161443_create_user_has_permissions_table', 1),
(26, '2019_04_22_161443_create_user_has_roles_table', 1),
(27, '2019_04_22_161443_create_users_table', 1),
(28, '2019_04_22_161445_add_foreign_keys_to_categories_table', 1),
(29, '2019_04_22_161445_add_foreign_keys_to_contents_table', 1),
(30, '2019_04_22_161445_add_foreign_keys_to_delete_all_flags_table', 1),
(31, '2019_04_22_161445_add_foreign_keys_to_operators_table', 1),
(32, '2019_04_22_161445_add_foreign_keys_to_posts_table', 1),
(33, '2019_04_22_161445_add_foreign_keys_to_rbt_codes_table', 1),
(34, '2019_04_22_161445_add_foreign_keys_to_relations_table', 1),
(35, '2019_04_22_161445_add_foreign_keys_to_role_has_permissions_table', 1),
(36, '2019_04_22_161445_add_foreign_keys_to_role_route_table', 1),
(37, '2019_04_22_161445_add_foreign_keys_to_settings_table', 1),
(38, '2019_04_22_161445_add_foreign_keys_to_static_bodies_table', 1),
(39, '2019_04_22_161445_add_foreign_keys_to_tans_bodies_table', 1),
(40, '2019_04_22_161445_add_foreign_keys_to_user_has_permissions_table', 1),
(41, '2019_04_22_161445_add_foreign_keys_to_user_has_roles_table', 1),
(42, '2019_12_30_091104_add_types', 2),
(43, '2019_12_30_091104_create_providers_table', 2),
(44, '2019_12_30_143103_add_provider_routes', 2),
(45, '2019_12_30_161445_add_foreign_keys_to_categoriesproviders_table', 2),
(46, '2019_12_31_091104_add_contentTypes', 2),
(47, '2019_12_31_091104_add_settings', 2),
(48, '2020_01_01_082734_add_provider_id_Rbtcodes_table', 2);

-- --------------------------------------------------------

--
-- Table structure for table `operators`
--

CREATE TABLE `operators` (
  `id` int(10) UNSIGNED NOT NULL,
  `name` varchar(191) COLLATE utf8mb4_unicode_ci NOT NULL,
  `rbt_sms_code` varchar(191) COLLATE utf8mb4_unicode_ci DEFAULT NULL,
  `rbt_ussd_code` varchar(191) COLLATE utf8mb4_unicode_ci DEFAULT NULL,
  `image` varchar(191) COLLATE utf8mb4_unicode_ci DEFAULT NULL,
  `country_id` int(10) UNSIGNED NOT NULL,
  `created_at` timestamp NULL DEFAULT NULL,
  `updated_at` timestamp NULL DEFAULT NULL
) ENGINE=InnoDB DEFAULT CHARSET=utf8mb4 COLLATE=utf8mb4_unicode_ci;

--
-- Dumping data for table `operators`
--

INSERT INTO `operators` (`id`, `name`, `rbt_sms_code`, `rbt_ussd_code`, `image`, `country_id`, `created_at`, `updated_at`) VALUES
(1, 'Zain', NULL, NULL, NULL, 1, '2021-01-27 09:50:16', '2021-01-27 09:50:16'),
(2, 'du', NULL, NULL, NULL, 1, '2021-01-27 09:50:26', '2021-01-27 09:50:26');

-- --------------------------------------------------------

--
-- Table structure for table `password_resets`
--

CREATE TABLE `password_resets` (
  `email` varchar(191) COLLATE utf8mb4_unicode_ci NOT NULL,
  `token` varchar(191) COLLATE utf8mb4_unicode_ci NOT NULL,
  `created_at` datetime DEFAULT NULL
) ENGINE=InnoDB DEFAULT CHARSET=utf8mb4 COLLATE=utf8mb4_unicode_ci;

-- --------------------------------------------------------

--
-- Table structure for table `permissions`
--

CREATE TABLE `permissions` (
  `id` int(10) UNSIGNED NOT NULL,
  `name` varchar(191) COLLATE utf8mb4_unicode_ci NOT NULL,
  `created_at` timestamp NULL DEFAULT NULL,
  `updated_at` timestamp NULL DEFAULT NULL
) ENGINE=InnoDB DEFAULT CHARSET=utf8mb4 COLLATE=utf8mb4_unicode_ci;

-- --------------------------------------------------------

--
-- Table structure for table `posts`
--

CREATE TABLE `posts` (
  `id` int(10) UNSIGNED NOT NULL,
  `published_date` date NOT NULL,
  `active` tinyint(1) NOT NULL,
  `url` varchar(191) COLLATE utf8mb4_unicode_ci NOT NULL,
  `content_id` int(10) UNSIGNED NOT NULL,
  `operator_id` int(10) UNSIGNED NOT NULL,
  `user_id` int(10) UNSIGNED NOT NULL,
  `created_at` timestamp NULL DEFAULT NULL,
  `updated_at` timestamp NULL DEFAULT NULL
) ENGINE=InnoDB DEFAULT CHARSET=utf8mb4 COLLATE=utf8mb4_unicode_ci;

-- --------------------------------------------------------

--
-- Table structure for table `providers`
--

CREATE TABLE `providers` (
  `id` int(10) UNSIGNED NOT NULL,
  `title` varchar(255) COLLATE utf8mb4_unicode_ci NOT NULL,
  `image` varchar(255) COLLATE utf8mb4_unicode_ci NOT NULL,
  `created_at` timestamp NULL DEFAULT NULL,
  `updated_at` timestamp NULL DEFAULT NULL
) ENGINE=InnoDB DEFAULT CHARSET=utf8mb4 COLLATE=utf8mb4_unicode_ci;

-- --------------------------------------------------------

--
-- Table structure for table `rbt_codes`
--

CREATE TABLE `rbt_codes` (
  `id` int(10) UNSIGNED NOT NULL,
  `rbt_code` int(11) NOT NULL,
  `content_id` int(10) UNSIGNED NOT NULL,
  `operator_id` int(10) UNSIGNED NOT NULL,
  `image` varchar(191) COLLATE utf8mb4_unicode_ci DEFAULT NULL,
  `created_at` timestamp NULL DEFAULT NULL,
  `updated_at` timestamp NULL DEFAULT NULL
) ENGINE=InnoDB DEFAULT CHARSET=utf8mb4 COLLATE=utf8mb4_unicode_ci;

--
-- Dumping data for table `rbt_codes`
--

INSERT INTO `rbt_codes` (`id`, `rbt_code`, `content_id`, `operator_id`, `image`, `created_at`, `updated_at`) VALUES
(30, 111, 1, 1, '1611759767836.png', '2021-01-27 13:02:47', '2021-01-27 13:02:47'),
(31, 222, 1, 2, '1611759767992.png', '2021-01-27 13:02:47', '2021-01-27 13:02:47');

-- --------------------------------------------------------

--
-- Table structure for table `relations`
--

CREATE TABLE `relations` (
  `id` int(10) UNSIGNED NOT NULL,
  `scaffoldinterface_id` int(10) UNSIGNED NOT NULL,
  `to` varchar(191) COLLATE utf8mb4_unicode_ci NOT NULL,
  `having` varchar(191) COLLATE utf8mb4_unicode_ci NOT NULL,
  `created_at` timestamp NULL DEFAULT NULL,
  `updated_at` timestamp NULL DEFAULT NULL
) ENGINE=InnoDB DEFAULT CHARSET=utf8mb4 COLLATE=utf8mb4_unicode_ci;

-- --------------------------------------------------------

--
-- Table structure for table `roles`
--

CREATE TABLE `roles` (
  `id` int(10) UNSIGNED NOT NULL,
  `name` varchar(191) COLLATE utf8mb4_unicode_ci NOT NULL,
  `role_priority` int(11) NOT NULL,
  `created_at` timestamp NULL DEFAULT NULL,
  `updated_at` timestamp NULL DEFAULT NULL
) ENGINE=InnoDB DEFAULT CHARSET=utf8mb4 COLLATE=utf8mb4_unicode_ci;

--
-- Dumping data for table `roles`
--

INSERT INTO `roles` (`id`, `name`, `role_priority`, `created_at`, `updated_at`) VALUES
(1, 'super_admin', 3, '2017-11-09 04:13:14', '2017-11-09 04:13:14'),
(6, 'admin', 2, '2018-01-08 12:40:19', '2018-01-08 12:40:19'),
(7, 'IT', 3, '2021-01-26 06:06:03', '2021-01-26 06:06:03');

-- --------------------------------------------------------

--
-- Table structure for table `role_has_permissions`
--

CREATE TABLE `role_has_permissions` (
  `permission_id` int(10) UNSIGNED NOT NULL,
  `role_id` int(10) UNSIGNED NOT NULL
) ENGINE=InnoDB DEFAULT CHARSET=utf8mb4 COLLATE=utf8mb4_unicode_ci;

-- --------------------------------------------------------

--
-- Table structure for table `role_route`
--

CREATE TABLE `role_route` (
  `id` int(11) NOT NULL,
  `role_id` int(10) UNSIGNED NOT NULL,
  `route_id` int(11) NOT NULL,
  `created_at` timestamp NULL DEFAULT NULL,
  `updated_at` timestamp NULL DEFAULT NULL
) ENGINE=InnoDB DEFAULT CHARSET=utf8mb4 COLLATE=utf8mb4_unicode_ci;

--
-- Dumping data for table `role_route`
--

INSERT INTO `role_route` (`id`, `role_id`, `route_id`, `created_at`, `updated_at`) VALUES
(1, 1, 120, '2019-02-14 11:01:13', '2019-02-14 11:01:13'),
(2, 6, 120, '2019-02-14 11:01:13', '2019-02-14 11:01:13'),
(3, 1, 121, '2019-02-14 11:01:13', '2019-02-14 11:01:13'),
(4, 6, 121, '2019-02-14 11:01:13', '2019-02-14 11:01:13'),
(5, 1, 122, '2019-02-14 11:01:13', '2019-02-14 11:01:13'),
(6, 6, 122, '2019-02-14 11:01:13', '2019-02-14 11:01:13'),
(7, 1, 123, '2019-02-14 11:01:13', '2019-02-14 11:01:13'),
(8, 6, 123, '2019-02-14 11:01:13', '2019-02-14 11:01:13'),
(9, 1, 124, '2019-02-14 11:01:13', '2019-02-14 11:01:13'),
(10, 6, 124, '2019-02-14 11:01:13', '2019-02-14 11:01:13'),
(11, 1, 125, '2019-02-14 11:01:13', '2019-02-14 11:01:13'),
(12, 6, 125, '2019-02-14 11:01:13', '2019-02-14 11:01:13'),
(13, 1, 126, '2019-02-14 11:01:13', '2019-02-14 11:01:13'),
(14, 6, 126, '2019-02-14 11:01:13', '2019-02-14 11:01:13'),
(15, 1, 127, '2019-02-14 11:02:21', '2019-02-14 11:02:21'),
(16, 6, 127, '2019-02-14 11:02:21', '2019-02-14 11:02:21'),
(17, 1, 128, '2019-02-14 11:02:21', '2019-02-14 11:02:21'),
(18, 6, 128, '2019-02-14 11:02:21', '2019-02-14 11:02:21'),
(19, 1, 129, '2019-02-14 11:02:21', '2019-02-14 11:02:21'),
(20, 6, 129, '2019-02-14 11:02:21', '2019-02-14 11:02:21'),
(21, 1, 130, '2019-02-14 11:02:22', '2019-02-14 11:02:22'),
(22, 6, 130, '2019-02-14 11:02:22', '2019-02-14 11:02:22'),
(23, 1, 131, '2019-02-14 11:02:22', '2019-02-14 11:02:22'),
(24, 6, 131, '2019-02-14 11:02:22', '2019-02-14 11:02:22'),
(25, 1, 132, '2019-02-14 11:02:22', '2019-02-14 11:02:22'),
(26, 6, 132, '2019-02-14 11:02:22', '2019-02-14 11:02:22'),
(27, 1, 133, '2019-02-14 11:02:22', '2019-02-14 11:02:22'),
(28, 6, 133, '2019-02-14 11:02:22', '2019-02-14 11:02:22'),
(29, 1, 134, '2019-02-14 11:03:26', '2019-02-14 11:03:26'),
(30, 6, 134, '2019-02-14 11:03:26', '2019-02-14 11:03:26'),
(31, 1, 135, '2019-02-14 11:03:26', '2019-02-14 11:03:26'),
(32, 6, 135, '2019-02-14 11:03:26', '2019-02-14 11:03:26'),
(33, 1, 136, '2019-02-14 11:03:26', '2019-02-14 11:03:26'),
(34, 6, 136, '2019-02-14 11:03:26', '2019-02-14 11:03:26'),
(35, 1, 137, '2019-02-14 11:03:26', '2019-02-14 11:03:26'),
(36, 6, 137, '2019-02-14 11:03:26', '2019-02-14 11:03:26'),
(37, 1, 138, '2019-02-14 11:03:26', '2019-02-14 11:03:26'),
(38, 6, 138, '2019-02-14 11:03:26', '2019-02-14 11:03:26'),
(39, 1, 139, '2019-02-14 11:03:26', '2019-02-14 11:03:26'),
(40, 6, 139, '2019-02-14 11:03:26', '2019-02-14 11:03:26'),
(41, 1, 140, '2019-02-14 11:03:26', '2019-02-14 11:03:26'),
(42, 6, 140, '2019-02-14 11:03:26', '2019-02-14 11:03:26'),
(43, 1, 141, '2019-02-14 11:04:09', '2019-02-14 11:04:09'),
(44, 6, 141, '2019-02-14 11:04:09', '2019-02-14 11:04:09'),
(45, 1, 142, '2019-02-14 11:04:09', '2019-02-14 11:04:09'),
(46, 6, 142, '2019-02-14 11:04:09', '2019-02-14 11:04:09'),
(47, 1, 143, '2019-02-14 11:04:09', '2019-02-14 11:04:09'),
(48, 6, 143, '2019-02-14 11:04:09', '2019-02-14 11:04:09'),
(49, 1, 144, '2019-02-14 11:04:09', '2019-02-14 11:04:09'),
(50, 6, 144, '2019-02-14 11:04:09', '2019-02-14 11:04:09'),
(51, 1, 145, '2019-02-14 11:04:09', '2019-02-14 11:04:09'),
(52, 6, 145, '2019-02-14 11:04:09', '2019-02-14 11:04:09'),
(53, 1, 146, '2019-02-14 11:04:09', '2019-02-14 11:04:09'),
(54, 6, 146, '2019-02-14 11:04:09', '2019-02-14 11:04:09'),
(55, 1, 147, '2019-02-14 11:04:09', '2019-02-14 11:04:09'),
(56, 6, 147, '2019-02-14 11:04:09', '2019-02-14 11:04:09'),
(57, 1, 148, '2019-03-06 07:00:28', '2019-03-06 07:00:28'),
(58, 6, 148, '2019-03-06 07:00:28', '2019-03-06 07:00:28'),
(59, 1, 149, '2019-03-06 07:00:28', '2019-03-06 07:00:28'),
(60, 6, 149, '2019-03-06 07:00:28', '2019-03-06 07:00:28'),
(61, 1, 150, '2019-03-06 07:00:28', '2019-03-06 07:00:28'),
(62, 6, 150, '2019-03-06 07:00:28', '2019-03-06 07:00:28'),
(63, 1, 151, '2019-03-06 07:00:28', '2019-03-06 07:00:28'),
(64, 6, 151, '2019-03-06 07:00:28', '2019-03-06 07:00:28'),
(65, 1, 152, '2019-03-06 07:00:28', '2019-03-06 07:00:28'),
(66, 6, 152, '2019-03-06 07:00:28', '2019-03-06 07:00:28'),
(67, 1, 153, '2019-03-06 07:00:28', '2019-03-06 07:00:28'),
(68, 6, 153, '2019-03-06 07:00:28', '2019-03-06 07:00:28'),
(69, 1, 154, '2019-03-06 07:00:28', '2019-03-06 07:00:28'),
(70, 6, 154, '2019-03-06 07:00:28', '2019-03-06 07:00:28'),
(71, 1, 155, '2019-03-14 06:51:14', '2019-03-14 06:51:14'),
(72, 6, 155, '2019-03-14 06:51:14', '2019-03-14 06:51:14'),
(73, 1, 156, '2019-03-14 06:51:14', '2019-03-14 06:51:14'),
(74, 6, 156, '2019-03-14 06:51:14', '2019-03-14 06:51:14'),
(75, 1, 157, '2019-03-14 06:51:15', '2019-03-14 06:51:15'),
(76, 6, 157, '2019-03-14 06:51:15', '2019-03-14 06:51:15'),
(77, 1, 158, '2019-03-14 06:51:15', '2019-03-14 06:51:15'),
(78, 6, 158, '2019-03-14 06:51:15', '2019-03-14 06:51:15'),
(79, 1, 159, '2019-03-14 06:51:15', '2019-03-14 06:51:15'),
(80, 6, 159, '2019-03-14 06:51:15', '2019-03-14 06:51:15'),
(81, 1, 160, '2019-03-14 06:51:15', '2019-03-14 06:51:15'),
(82, 6, 160, '2019-03-14 06:51:15', '2019-03-14 06:51:15'),
(83, 1, 161, '2019-03-14 06:51:15', '2019-03-14 06:51:15'),
(84, 6, 161, '2019-03-14 06:51:15', '2019-03-14 06:51:15');

-- --------------------------------------------------------

--
-- Table structure for table `routes`
--

CREATE TABLE `routes` (
  `id` int(11) NOT NULL,
  `method` varchar(20) COLLATE utf8mb4_unicode_ci NOT NULL,
  `route` varchar(100) COLLATE utf8mb4_unicode_ci NOT NULL,
  `controller_name` varchar(100) COLLATE utf8mb4_unicode_ci NOT NULL,
  `created_at` timestamp NULL DEFAULT NULL,
  `updated_at` timestamp NULL DEFAULT NULL,
  `function_name` varchar(191) COLLATE utf8mb4_unicode_ci DEFAULT NULL
) ENGINE=InnoDB DEFAULT CHARSET=utf8mb4 COLLATE=utf8mb4_unicode_ci;

--
-- Dumping data for table `routes`
--

INSERT INTO `routes` (`id`, `method`, `route`, `controller_name`, `created_at`, `updated_at`, `function_name`) VALUES
(2, 'get', 'setting/new', 'SettingController', '2018-02-05 11:39:21', '2018-02-05 11:39:21', 'create'),
(3, 'post', 'setting', 'SettingController', '2018-02-05 11:39:21', '2018-02-05 11:39:21', 'store'),
(4, 'get', 'dashboard', 'DashboardController', '2018-02-05 11:39:21', '2018-07-24 11:47:45', 'index'),
(5, 'get', '/', 'DashboardController', '2018-02-05 11:39:21', '2018-02-05 11:39:21', 'index'),
(6, 'get', 'user_profile', 'UserController', '2018-02-05 11:39:21', '2018-02-05 11:39:21', 'profile'),
(7, 'post', 'user_profile/updatepassword', 'UserController', '2018-02-05 11:39:21', '2017-11-14 10:29:01', 'UpdatePassword'),
(8, 'post', 'user_profile/updateprofilepic', 'UserController', '2018-02-05 11:39:21', '2017-11-14 10:29:08', 'UpdateProfilePicture'),
(9, 'post', 'user_profile/updateuserdata', 'UserController', '2018-02-05 11:39:21', '2017-11-14 10:29:19', 'UpdateNameAndEmail'),
(10, 'get', 'setting/{id}/delete', 'SettingController', '2018-02-05 11:39:21', '2018-02-05 11:39:22', 'destroy'),
(11, 'get', 'setting/{id}/edit', 'SettingController', '2018-02-05 11:39:21', '2018-02-05 11:39:21', 'edit'),
(12, 'post', 'setting/{id}', 'SettingController', '2018-02-05 11:39:21', '2018-02-05 11:56:27', 'update'),
(14, 'get', 'static_translation', 'StaticTranslationController', '2018-02-05 11:39:21', '2017-11-14 10:29:57', 'index'),
(21, 'get', 'file_manager', 'DashboardController', '2018-02-05 11:39:21', '2018-02-05 11:39:21', 'file_manager'),
(22, 'get', 'upload_items', 'DashboardController', '2018-02-05 11:39:21', '2018-02-05 11:39:21', 'multi_upload'),
(23, 'post', 'save_items', 'DashboardController', '2018-02-05 11:39:21', '2018-02-05 11:39:21', 'save_uploaded'),
(24, 'get', 'upload_resize', 'DashboardController', '2018-02-05 11:39:21', '2018-02-05 11:39:21', 'upload_resize'),
(25, 'post', 'save_image', 'DashboardController', '2018-02-05 11:39:21', '2018-02-05 11:39:21', 'save_image'),
(26, 'post', 'static_translation/{id}/update', 'StaticTranslationController', '2018-02-05 11:39:21', '2017-11-12 10:19:46', 'update'),
(27, 'get', 'static_translation/{id}/delete', 'StaticTranslationController', '2018-02-05 11:39:21', '2018-02-05 11:39:21', 'destroy'),
(28, 'get', 'language/{id}/delete', 'LanguageController', '2018-02-05 11:39:21', '2018-02-05 11:39:21', 'destroy'),
(29, 'post', 'language/{id}/update', 'LanguageController', '2018-02-05 11:39:21', '2018-02-05 11:39:21', 'update'),
(30, 'get', 'roles', 'RoleController', '2018-02-05 11:39:21', '2018-02-05 11:39:21', 'index'),
(31, 'get', 'roles/new', 'RoleController', '2018-02-05 11:39:21', '2018-02-05 11:39:21', 'create'),
(32, 'post', 'roles', 'RoleController', '2018-02-05 11:39:21', '2018-02-05 11:39:21', 'store'),
(33, 'get', 'roles/{id}/delete', 'RoleController', '2018-02-05 11:39:21', '2018-02-05 11:39:21', 'destroy'),
(34, 'get', 'roles/{id}/edit', 'RoleController', '2018-02-05 11:39:21', '2018-02-05 11:39:21', 'edit'),
(35, 'post', 'roles/{id}/update', 'RoleController', '2018-02-05 11:39:21', '2018-02-05 11:39:21', 'update'),
(36, 'get', 'language', 'LanguageController', '2018-02-05 11:39:21', '2018-02-05 11:39:21', 'index'),
(37, 'get', 'language/create', 'LanguageController', '2018-02-05 11:39:21', '2018-02-05 11:39:21', 'create'),
(38, 'post', 'language', 'LanguageController', '2018-02-05 11:39:21', '2018-02-05 11:39:21', 'store'),
(39, 'get', 'language/{id}/edit', 'LanguageController', '2018-02-05 11:39:21', '2018-02-05 11:39:21', 'edit'),
(40, 'get', 'all_routes', 'RouteController', '2018-02-05 11:39:21', '2019-10-13 09:51:33', 'index'),
(41, 'post', 'routes', 'RouteController', '2018-02-05 11:39:21', '2018-02-05 11:39:21', 'store'),
(42, 'get', 'routes/{id}/edit', 'RouteController', '2018-02-05 11:39:21', '2018-02-05 11:39:21', 'edit'),
(43, 'post', 'routes/{id}/update', 'RouteController', '2018-02-05 11:39:21', '2018-01-28 07:25:29', 'update'),
(44, 'get', 'routes/{id}/delete', 'RouteController', '2018-02-05 11:39:21', '2018-02-05 11:39:21', 'destroy'),
(45, 'get', 'routes/create', 'RouteController', '2018-02-05 11:39:21', '2018-02-05 11:39:21', 'create'),
(57, 'get', 'routes/index_v2', 'RouteController', '2017-11-12 11:45:15', '2017-11-12 12:04:53', 'index_v2'),
(58, 'get', 'roles/{id}/view_access', 'RoleController', '2017-11-14 08:56:14', '2017-11-15 06:14:14', 'view_access'),
(59, 'get', 'types/index', 'TypeController', '2018-01-28 06:25:37', '2018-01-28 06:25:37', 'index'),
(60, 'get', 'types/create', 'TypeController', '2018-01-28 06:25:37', '2018-01-28 06:25:37', 'create'),
(61, 'post', 'types', 'TypeController', '2018-01-28 06:25:38', '2018-01-28 06:25:38', 'store'),
(62, 'get', 'types/{id}/edit', 'TypeController', '2018-01-28 06:25:38', '2018-01-28 06:25:38', 'edit'),
(63, 'patch', 'types/{id}', 'TypeController', '2018-01-28 06:25:38', '2018-01-28 06:25:38', 'update'),
(64, 'get', 'types/{id}/delete', 'TypeController', '2018-01-28 06:25:38', '2018-01-28 06:25:38', 'destroy'),
(65, 'post', 'sortabledatatable', 'SettingController', '2018-01-28 07:22:00', '2018-01-28 07:22:00', 'updateOrder'),
(66, 'get', 'buildroutes', 'RouteController', '2018-01-28 07:23:55', '2018-01-28 07:23:55', 'buildroutes'),
(69, 'get', 'delete_all', 'DashboardController', '2018-02-04 10:01:23', '2018-02-04 10:01:23', 'delete_all_index'),
(70, 'post', 'delete_all', 'DashboardController', '2018-02-04 10:01:23', '2018-02-04 10:01:23', 'delete_all_store'),
(71, 'get', 'upload_resize_v2', 'DashboardController', '2018-02-04 11:02:56', '2018-02-04 11:02:56', 'upload_resize_v2'),
(72, 'post', 'sortabledatatable', 'UserController', '2018-02-05 11:39:22', '2018-02-05 11:39:22', 'updateOrder'),
(79, 'get', 'setting', 'SettingController', '2018-02-05 12:10:10', '2018-02-05 12:10:10', 'index'),
(80, 'get', 'users', 'UserController', '2018-05-31 07:42:21', '2018-05-31 07:42:21', 'index'),
(81, 'get', 'users/new', 'UserController', '2018-05-31 07:42:21', '2018-05-31 07:42:21', 'create'),
(82, 'post', 'users', 'UserController', '2018-05-31 07:42:21', '2018-05-31 07:42:21', 'store'),
(83, 'get', 'users/{id}/edit', 'UserController', '2018-05-31 07:42:21', '2018-05-31 07:42:21', 'edit'),
(84, 'post', 'users/{id}/update', 'UserController', '2018-05-31 07:42:21', '2018-05-31 07:42:21', 'update'),
(106, 'get', 'country', 'CountryController', '2019-02-10 06:09:36', '2019-02-10 06:09:36', 'index'),
(107, 'get', 'country/create', 'CountryController', '2019-02-10 06:09:36', '2019-02-10 06:09:36', 'create'),
(108, 'post', 'country', 'CountryController', '2019-02-10 06:09:36', '2019-02-10 06:09:36', 'store'),
(109, 'get', 'country/{id}', 'CountryController', '2019-02-10 06:09:36', '2019-02-10 06:09:36', 'show'),
(110, 'get', 'country/{id}/edit', 'CountryController', '2019-02-10 06:09:37', '2019-02-10 06:09:37', 'edit'),
(111, 'patch', 'country/{id}', 'CountryController', '2019-02-10 06:09:37', '2019-02-10 06:10:42', 'update'),
(112, 'get', 'country/{id}/delete', 'CountryController', '2019-02-10 06:09:37', '2019-02-10 06:09:37', 'delete'),
(113, 'get', 'operator', 'OperatorController', '2019-02-10 06:10:27', '2019-02-10 06:10:27', 'index'),
(114, 'get', 'operator/create', 'OperatorController', '2019-02-10 06:10:27', '2019-02-10 06:10:27', 'create'),
(115, 'post', 'operator', 'OperatorController', '2019-02-10 06:10:27', '2019-02-10 06:10:27', 'store'),
(116, 'get', 'operator/{id}', 'OperatorController', '2019-02-10 06:10:27', '2019-02-10 06:10:27', 'show'),
(117, 'get', 'operator/{id}/edit', 'OperatorController', '2019-02-10 06:10:27', '2019-02-10 06:10:27', 'edit'),
(118, 'patch', 'operator/{id}', 'OperatorController', '2019-02-10 06:10:27', '2019-02-10 06:10:27', 'update'),
(119, 'get', 'operator/{id}/delete', 'OperatorController', '2019-02-10 06:10:27', '2019-02-10 06:10:27', 'destroy'),
(120, 'get', 'category', 'CategoryController', '2019-02-14 11:01:13', '2019-02-14 11:01:13', 'index'),
(121, 'get', 'category/create', 'CategoryController', '2019-02-14 11:01:13', '2019-02-14 11:01:13', 'create'),
(122, 'post', 'category', 'CategoryController', '2019-02-14 11:01:13', '2019-02-14 11:01:13', 'store'),
(123, 'get', 'category/{id}', 'CategoryController', '2019-02-14 11:01:13', '2019-02-14 11:01:13', 'show'),
(124, 'get', 'category/{id}/edit', 'CategoryController', '2019-02-14 11:01:13', '2019-02-14 11:01:13', 'edit'),
(125, 'patch', 'category/{id}', 'CategoryController', '2019-02-14 11:01:13', '2019-02-14 11:01:13', 'update'),
(126, 'get', 'category/{id}/delete', 'CategoryController', '2019-02-14 11:01:13', '2019-02-14 11:01:13', 'destroy'),
(127, 'get', 'content_type', 'ContentTypeController', '2019-02-14 11:02:21', '2019-02-14 11:02:21', 'index'),
(128, 'get', 'content_type/create', 'ContentTypeController', '2019-02-14 11:02:21', '2019-02-14 11:02:21', 'create'),
(129, 'post', 'content_type', 'ContentTypeController', '2019-02-14 11:02:21', '2019-02-14 11:02:21', 'store'),
(130, 'get', 'content_type/{id}', 'ContentTypeController', '2019-02-14 11:02:21', '2019-02-14 11:02:21', 'show'),
(131, 'get', 'content_type/{id}/edit', 'ContentTypeController', '2019-02-14 11:02:22', '2019-02-14 11:02:22', 'edit'),
(132, 'patch', 'content_type/{id}', 'ContentTypeController', '2019-02-14 11:02:22', '2019-02-14 11:02:22', 'update'),
(133, 'get', 'content_type/{id}/delete', 'ContentTypeController', '2019-02-14 11:02:22', '2019-02-14 11:02:22', 'destroy'),
(134, 'get', 'content', 'ContentController', '2019-02-14 11:03:26', '2019-02-14 11:03:26', 'index'),
(135, 'get', 'content/create', 'ContentController', '2019-02-14 11:03:26', '2019-02-14 11:03:26', 'create'),
(136, 'post', 'content', 'ContentController', '2019-02-14 11:03:26', '2019-02-14 11:03:26', 'store'),
(137, 'get', 'content/{id}', 'ContentController', '2019-02-14 11:03:26', '2019-02-14 11:03:26', 'show'),
(138, 'get', 'content/{id}/edit', 'ContentController', '2019-02-14 11:03:26', '2019-02-14 11:03:26', 'edit'),
(139, 'patch', 'content/{id}', 'ContentController', '2019-02-14 11:03:26', '2019-02-14 11:03:26', 'update'),
(140, 'get', 'content/{id}/delete', 'ContentController', '2019-02-14 11:03:26', '2019-02-14 11:03:26', 'destroy'),
(141, 'get', 'post', 'PostController', '2019-02-14 11:04:09', '2019-02-14 11:04:09', 'index'),
(142, 'get', 'post/create', 'PostController', '2019-02-14 11:04:09', '2019-02-14 11:04:09', 'create'),
(143, 'post', 'post', 'PostController', '2019-02-14 11:04:09', '2019-02-14 11:04:09', 'store'),
(144, 'get', 'post/{id}', 'PostController', '2019-02-14 11:04:09', '2019-02-14 11:04:09', 'show'),
(145, 'get', 'post/{id}/edit', 'PostController', '2019-02-14 11:04:09', '2019-02-14 11:04:09', 'edit'),
(146, 'patch', 'post/{id}', 'PostController', '2019-02-14 11:04:09', '2019-02-14 11:04:09', 'update'),
(147, 'get', 'post/{id}/delete', 'PostController', '2019-02-14 11:04:09', '2019-02-14 11:04:09', 'destroy'),
(148, 'get', 'sub_category', 'SubCategoryController', '2019-03-06 07:00:28', '2019-03-06 07:00:28', 'index'),
(149, 'get', 'sub_category/create', 'SubCategoryController', '2019-03-06 07:00:28', '2019-03-06 07:00:28', 'create'),
(150, 'post', 'sub_category', 'SubCategoryController', '2019-03-06 07:00:28', '2019-03-06 07:00:28', 'store'),
(151, 'get', 'sub_category/{id}', 'SubCategoryController', '2019-03-06 07:00:28', '2019-03-06 07:00:28', 'show'),
(152, 'get', 'sub_category/{id}/edit', 'SubCategoryController', '2019-03-06 07:00:28', '2019-03-06 07:00:28', 'edit'),
(153, 'patch', 'sub_category/{id}', 'SubCategoryController', '2019-03-06 07:00:28', '2019-03-06 07:00:28', 'update'),
(154, 'get', 'sub_category/{id}/delete', 'SubCategoryController', '2019-03-06 07:00:28', '2019-03-06 07:00:28', 'destroy'),
(155, 'get', 'rbt', 'RbtController', '2019-03-14 06:51:14', '2019-03-14 06:51:14', 'index'),
(156, 'get', 'rbt/create', 'RbtController', '2019-03-14 06:51:14', '2019-03-14 06:51:14', 'create'),
(157, 'post', 'rbt', 'RbtController', '2019-03-14 06:51:15', '2019-03-14 06:51:15', 'store'),
(158, 'get', 'rbt/{id}', 'RbtController', '2019-03-14 06:51:15', '2019-03-14 06:51:15', 'show'),
(159, 'get', 'rbt/{id}/edit', 'RbtController', '2019-03-14 06:51:15', '2019-03-14 06:51:15', 'edit'),
(160, 'patch', 'rbt/{id}', 'RbtController', '2019-03-14 06:51:15', '2019-03-14 06:51:15', 'update'),
(161, 'get', 'rbt/{id}/delete', 'RbtController', '2019-03-14 06:51:15', '2019-03-14 06:51:15', 'destroy'),
(162, 'get', 'users/{id}/delete', 'UserController', '2019-10-13 09:51:03', '2019-10-13 09:51:03', 'destroy'),
(163, 'get', 'migrate_tables', 'DashboardController', '2019-10-13 10:09:15', '2019-10-13 11:02:42', 'migrate_tables'),
(164, 'get', 'provider', 'ProviderController', '2019-02-14 11:01:13', '2019-02-14 11:01:13', 'index'),
(165, 'get', 'provider/create', 'ProviderController', '2019-02-14 11:01:13', '2019-02-14 11:01:13', 'create'),
(166, 'post', 'provider', 'ProviderController', '2019-02-14 11:01:13', '2019-02-14 11:01:13', 'store'),
(167, 'get', 'provider/{id}', 'ProviderController', '2019-02-14 11:01:13', '2019-02-14 11:01:13', 'show'),
(168, 'get', 'provider/{id}/edit', 'ProviderController', '2019-02-14 11:01:13', '2019-02-14 11:01:13', 'edit'),
(169, 'patch', 'provider/{id}', 'ProviderController', '2019-02-14 11:01:13', '2019-02-14 11:01:13', 'update'),
(170, 'get', 'provider/{id}/delete', 'ProviderController', '2019-02-14 11:01:13', '2019-02-14 11:01:13', 'destroy');

-- --------------------------------------------------------

--
-- Table structure for table `scaffoldinterfaces`
--

CREATE TABLE `scaffoldinterfaces` (
  `id` int(10) UNSIGNED NOT NULL,
  `package` varchar(191) COLLATE utf8mb4_unicode_ci NOT NULL,
  `migration` varchar(191) COLLATE utf8mb4_unicode_ci NOT NULL,
  `model` varchar(191) COLLATE utf8mb4_unicode_ci NOT NULL,
  `controller` varchar(191) COLLATE utf8mb4_unicode_ci NOT NULL,
  `views` varchar(191) COLLATE utf8mb4_unicode_ci NOT NULL,
  `tablename` varchar(191) COLLATE utf8mb4_unicode_ci NOT NULL,
  `created_at` timestamp NULL DEFAULT NULL,
  `updated_at` timestamp NULL DEFAULT NULL
) ENGINE=InnoDB DEFAULT CHARSET=utf8mb4 COLLATE=utf8mb4_unicode_ci;

-- --------------------------------------------------------

--
-- Table structure for table `settings`
--

CREATE TABLE `settings` (
  `id` int(10) UNSIGNED NOT NULL,
  `key` varchar(191) COLLATE utf8mb4_unicode_ci NOT NULL,
  `value` text COLLATE utf8mb4_unicode_ci NOT NULL,
  `created_at` timestamp NULL DEFAULT NULL,
  `updated_at` timestamp NULL DEFAULT NULL,
  `type_id` int(11) NOT NULL,
  `order` int(11) DEFAULT NULL
) ENGINE=InnoDB DEFAULT CHARSET=utf8mb4 COLLATE=utf8mb4_unicode_ci;

-- --------------------------------------------------------

--
-- Table structure for table `static_bodies`
--

CREATE TABLE `static_bodies` (
  `id` int(10) UNSIGNED NOT NULL,
  `language_id` int(10) UNSIGNED NOT NULL,
  `static_translation_id` int(10) UNSIGNED NOT NULL,
  `body` text COLLATE utf8mb4_unicode_ci NOT NULL,
  `created_at` timestamp NULL DEFAULT NULL,
  `updated_at` timestamp NULL DEFAULT NULL
) ENGINE=InnoDB DEFAULT CHARSET=utf8mb4 COLLATE=utf8mb4_unicode_ci;

-- --------------------------------------------------------

--
-- Table structure for table `static_translations`
--

CREATE TABLE `static_translations` (
  `id` int(10) UNSIGNED NOT NULL,
  `key_word` varchar(191) COLLATE utf8mb4_unicode_ci NOT NULL,
  `created_at` timestamp NULL DEFAULT NULL,
  `updated_at` timestamp NULL DEFAULT NULL
) ENGINE=InnoDB DEFAULT CHARSET=utf8mb4 COLLATE=utf8mb4_unicode_ci;

-- --------------------------------------------------------

--
-- Table structure for table `tans_bodies`
--

CREATE TABLE `tans_bodies` (
  `id` int(10) UNSIGNED NOT NULL,
  `language_id` int(10) UNSIGNED NOT NULL,
  `translatable_id` int(10) UNSIGNED NOT NULL,
  `body` text COLLATE utf8mb4_unicode_ci NOT NULL,
  `created_at` timestamp NULL DEFAULT NULL,
  `updated_at` timestamp NULL DEFAULT NULL
) ENGINE=InnoDB DEFAULT CHARSET=utf8mb4 COLLATE=utf8mb4_unicode_ci;

-- --------------------------------------------------------

--
-- Table structure for table `translatables`
--

CREATE TABLE `translatables` (
  `id` int(10) UNSIGNED NOT NULL,
  `table_name` varchar(191) COLLATE utf8mb4_unicode_ci NOT NULL,
  `record_id` varchar(191) COLLATE utf8mb4_unicode_ci NOT NULL,
  `column_name` varchar(191) COLLATE utf8mb4_unicode_ci NOT NULL,
  `created_at` timestamp NULL DEFAULT NULL,
  `updated_at` timestamp NULL DEFAULT NULL
) ENGINE=InnoDB DEFAULT CHARSET=utf8mb4 COLLATE=utf8mb4_unicode_ci;

-- --------------------------------------------------------

--
-- Table structure for table `types`
--

CREATE TABLE `types` (
  `id` int(11) NOT NULL,
  `title` varchar(50) COLLATE utf8mb4_unicode_ci NOT NULL,
  `created_at` timestamp NULL DEFAULT NULL,
  `updated_at` timestamp NULL DEFAULT NULL
) ENGINE=InnoDB DEFAULT CHARSET=utf8mb4 COLLATE=utf8mb4_unicode_ci;

--
-- Dumping data for table `types`
--

INSERT INTO `types` (`id`, `title`, `created_at`, `updated_at`) VALUES
(1, 'Advanced Editor', '2018-01-28 06:30:05', '2018-01-28 06:30:05'),
(2, 'Normal Editor', '2018-01-28 06:30:14', '2018-01-28 06:30:14'),
(3, 'Image', '2018-01-28 06:30:29', '2018-01-28 06:30:29'),
(4, 'Video', '2018-01-28 06:30:39', '2018-01-28 06:30:39'),
(5, 'Audio', '2018-01-28 06:30:47', '2018-01-28 06:30:47'),
(6, 'File Manager Uploads Extensions', '2018-01-28 06:30:57', '2018-01-28 06:30:57'),
(7, 'selector', '2019-02-11 11:18:52', '2019-02-11 11:18:52'),
(8, 'input_color', '2019-12-31 11:18:52', '2019-12-31 11:18:52'),
(9, 'page', '2019-12-31 11:19:52', '2019-12-31 11:19:52');

-- --------------------------------------------------------

--
-- Table structure for table `users`
--

CREATE TABLE `users` (
  `id` int(10) UNSIGNED NOT NULL,
  `name` varchar(191) COLLATE utf8mb4_unicode_ci NOT NULL,
  `email` varchar(191) COLLATE utf8mb4_unicode_ci NOT NULL,
  `password` varchar(60) COLLATE utf8mb4_unicode_ci NOT NULL,
  `image` varchar(60) COLLATE utf8mb4_unicode_ci DEFAULT NULL,
  `phone` varchar(11) COLLATE utf8mb4_unicode_ci DEFAULT NULL,
  `remember_token` varchar(100) COLLATE utf8mb4_unicode_ci DEFAULT NULL,
  `created_at` timestamp NULL DEFAULT NULL,
  `updated_at` timestamp NULL DEFAULT NULL
) ENGINE=InnoDB DEFAULT CHARSET=utf8mb4 COLLATE=utf8mb4_unicode_ci;

--
-- Dumping data for table `users`
--

INSERT INTO `users` (`id`, `name`, `email`, `password`, `image`, `phone`, `remember_token`, `created_at`, `updated_at`) VALUES
(1, 'super admin', 'super_admin@ivas.com', '$2y$10$u2evAW530miwgUb2jcXkTuqIGswxnSQ3DSmX1Ji5rtO3Tx.MtVcX2', 'profile_images/600fe7909cf36.jpg', '01234567890', 'fx7NF1xQfEZCis5mvXJMEZY4dR9YFb22nVVfB4eTcyWEvRo8kFILT5My5f49', '2017-11-09 04:13:14', '2021-01-26 07:57:36'),
(3, 'Omar Tarek', 'omart8703@gmail.com', '$2y$10$3OJwVhyDSjfIt9OL1LdPT.4BGA2fCXk.tQWFALO9DkjlqjR1FSwX.', NULL, NULL, NULL, '2021-01-26 07:29:58', '2021-01-26 07:29:58');

-- --------------------------------------------------------

--
-- Table structure for table `user_has_permissions`
--

CREATE TABLE `user_has_permissions` (
  `user_id` int(10) UNSIGNED NOT NULL,
  `permission_id` int(10) UNSIGNED NOT NULL
) ENGINE=InnoDB DEFAULT CHARSET=utf8mb4 COLLATE=utf8mb4_unicode_ci;

-- --------------------------------------------------------

--
-- Table structure for table `user_has_roles`
--

CREATE TABLE `user_has_roles` (
  `role_id` int(10) UNSIGNED NOT NULL,
  `user_id` int(10) UNSIGNED NOT NULL
) ENGINE=InnoDB DEFAULT CHARSET=utf8mb4 COLLATE=utf8mb4_unicode_ci;

--
-- Dumping data for table `user_has_roles`
--

INSERT INTO `user_has_roles` (`role_id`, `user_id`) VALUES
(1, 1),
(1, 3);

--
-- Indexes for dumped tables
--

--
-- Indexes for table `categories`
--
ALTER TABLE `categories`
  ADD PRIMARY KEY (`id`),
  ADD KEY `categories_parent_id_foreign` (`parent_id`),
  ADD KEY `categories_provider_id_foreign` (`provider_id`);

--
-- Indexes for table `contents`
--
ALTER TABLE `contents`
  ADD PRIMARY KEY (`id`),
  ADD KEY `contents_content_type_id_foreign` (`content_type_id`),
  ADD KEY `contents_category_id_foreign` (`category_id`);

--
-- Indexes for table `content_types`
--
ALTER TABLE `content_types`
  ADD PRIMARY KEY (`id`);

--
-- Indexes for table `countries`
--
ALTER TABLE `countries`
  ADD PRIMARY KEY (`id`);

--
-- Indexes for table `delete_all_flags`
--
ALTER TABLE `delete_all_flags`
  ADD PRIMARY KEY (`id`),
  ADD KEY `delete_all_flags_route_id_foreign` (`route_id`);

--
-- Indexes for table `languages`
--
ALTER TABLE `languages`
  ADD PRIMARY KEY (`id`);

--
-- Indexes for table `migrations`
--
ALTER TABLE `migrations`
  ADD PRIMARY KEY (`id`);

--
-- Indexes for table `operators`
--
ALTER TABLE `operators`
  ADD PRIMARY KEY (`id`),
  ADD KEY `operators_country_id_foreign` (`country_id`);

--
-- Indexes for table `password_resets`
--
ALTER TABLE `password_resets`
  ADD KEY `password_resets_email_index` (`email`);

--
-- Indexes for table `permissions`
--
ALTER TABLE `permissions`
  ADD PRIMARY KEY (`id`),
  ADD UNIQUE KEY `permissions_name_unique` (`name`);

--
-- Indexes for table `posts`
--
ALTER TABLE `posts`
  ADD PRIMARY KEY (`id`),
  ADD KEY `posts_content_id_foreign` (`content_id`),
  ADD KEY `posts_operator_id_foreign` (`operator_id`),
  ADD KEY `posts_user_id_foreign` (`user_id`);

--
-- Indexes for table `providers`
--
ALTER TABLE `providers`
  ADD PRIMARY KEY (`id`);

--
-- Indexes for table `rbt_codes`
--
ALTER TABLE `rbt_codes`
  ADD PRIMARY KEY (`id`),
  ADD KEY `rbt_codes_content_id_foreign` (`content_id`),
  ADD KEY `rbt_codes_operator_id_foreign` (`operator_id`);

--
-- Indexes for table `relations`
--
ALTER TABLE `relations`
  ADD PRIMARY KEY (`id`),
  ADD KEY `relations_scaffoldinterface_id_foreign` (`scaffoldinterface_id`);

--
-- Indexes for table `roles`
--
ALTER TABLE `roles`
  ADD PRIMARY KEY (`id`),
  ADD UNIQUE KEY `roles_name_unique` (`name`);

--
-- Indexes for table `role_has_permissions`
--
ALTER TABLE `role_has_permissions`
  ADD PRIMARY KEY (`permission_id`,`role_id`),
  ADD KEY `role_has_permissions_role_id_foreign` (`role_id`);

--
-- Indexes for table `role_route`
--
ALTER TABLE `role_route`
  ADD PRIMARY KEY (`id`),
  ADD KEY `role_id_2` (`role_id`),
  ADD KEY `route_id_2` (`route_id`);

--
-- Indexes for table `routes`
--
ALTER TABLE `routes`
  ADD PRIMARY KEY (`id`);

--
-- Indexes for table `scaffoldinterfaces`
--
ALTER TABLE `scaffoldinterfaces`
  ADD PRIMARY KEY (`id`);

--
-- Indexes for table `settings`
--
ALTER TABLE `settings`
  ADD PRIMARY KEY (`id`),
  ADD KEY `settings_type_id_foreign` (`type_id`);

--
-- Indexes for table `static_bodies`
--
ALTER TABLE `static_bodies`
  ADD PRIMARY KEY (`id`),
  ADD KEY `static_bodies_language_id_foreign` (`language_id`),
  ADD KEY `static_bodies_static_translation_id_foreign` (`static_translation_id`);

--
-- Indexes for table `static_translations`
--
ALTER TABLE `static_translations`
  ADD PRIMARY KEY (`id`);

--
-- Indexes for table `tans_bodies`
--
ALTER TABLE `tans_bodies`
  ADD PRIMARY KEY (`id`),
  ADD KEY `tans_bodies_language_id_foreign` (`language_id`),
  ADD KEY `tans_bodies_translatable_id_foreign` (`translatable_id`);

--
-- Indexes for table `translatables`
--
ALTER TABLE `translatables`
  ADD PRIMARY KEY (`id`);

--
-- Indexes for table `types`
--
ALTER TABLE `types`
  ADD PRIMARY KEY (`id`);

--
-- Indexes for table `users`
--
ALTER TABLE `users`
  ADD PRIMARY KEY (`id`),
  ADD UNIQUE KEY `users_email_unique` (`email`),
  ADD UNIQUE KEY `users_phone_unique` (`phone`);

--
-- Indexes for table `user_has_permissions`
--
ALTER TABLE `user_has_permissions`
  ADD PRIMARY KEY (`user_id`,`permission_id`),
  ADD KEY `user_has_permissions_permission_id_foreign` (`permission_id`);

--
-- Indexes for table `user_has_roles`
--
ALTER TABLE `user_has_roles`
  ADD PRIMARY KEY (`role_id`,`user_id`),
  ADD KEY `user_has_roles_user_id_foreign` (`user_id`);

--
-- AUTO_INCREMENT for dumped tables
--

--
-- AUTO_INCREMENT for table `categories`
--
ALTER TABLE `categories`
  MODIFY `id` int(10) UNSIGNED NOT NULL AUTO_INCREMENT, AUTO_INCREMENT=2;

--
-- AUTO_INCREMENT for table `contents`
--
ALTER TABLE `contents`
  MODIFY `id` int(10) UNSIGNED NOT NULL AUTO_INCREMENT, AUTO_INCREMENT=6;

--
-- AUTO_INCREMENT for table `content_types`
--
ALTER TABLE `content_types`
  MODIFY `id` int(10) UNSIGNED NOT NULL AUTO_INCREMENT, AUTO_INCREMENT=8;

--
-- AUTO_INCREMENT for table `countries`
--
ALTER TABLE `countries`
  MODIFY `id` int(10) UNSIGNED NOT NULL AUTO_INCREMENT, AUTO_INCREMENT=2;

--
-- AUTO_INCREMENT for table `delete_all_flags`
--
ALTER TABLE `delete_all_flags`
  MODIFY `id` int(10) UNSIGNED NOT NULL AUTO_INCREMENT;

--
-- AUTO_INCREMENT for table `languages`
--
ALTER TABLE `languages`
  MODIFY `id` int(10) UNSIGNED NOT NULL AUTO_INCREMENT;

--
-- AUTO_INCREMENT for table `migrations`
--
ALTER TABLE `migrations`
  MODIFY `id` int(10) UNSIGNED NOT NULL AUTO_INCREMENT, AUTO_INCREMENT=49;

--
-- AUTO_INCREMENT for table `operators`
--
ALTER TABLE `operators`
  MODIFY `id` int(10) UNSIGNED NOT NULL AUTO_INCREMENT, AUTO_INCREMENT=3;

--
-- AUTO_INCREMENT for table `permissions`
--
ALTER TABLE `permissions`
  MODIFY `id` int(10) UNSIGNED NOT NULL AUTO_INCREMENT;

--
-- AUTO_INCREMENT for table `posts`
--
ALTER TABLE `posts`
  MODIFY `id` int(10) UNSIGNED NOT NULL AUTO_INCREMENT, AUTO_INCREMENT=4;

--
-- AUTO_INCREMENT for table `providers`
--
ALTER TABLE `providers`
  MODIFY `id` int(10) UNSIGNED NOT NULL AUTO_INCREMENT;

--
-- AUTO_INCREMENT for table `rbt_codes`
--
ALTER TABLE `rbt_codes`
  MODIFY `id` int(10) UNSIGNED NOT NULL AUTO_INCREMENT, AUTO_INCREMENT=32;

--
-- AUTO_INCREMENT for table `relations`
--
ALTER TABLE `relations`
  MODIFY `id` int(10) UNSIGNED NOT NULL AUTO_INCREMENT;

--
-- AUTO_INCREMENT for table `roles`
--
ALTER TABLE `roles`
  MODIFY `id` int(10) UNSIGNED NOT NULL AUTO_INCREMENT, AUTO_INCREMENT=8;

--
-- AUTO_INCREMENT for table `role_route`
--
ALTER TABLE `role_route`
  MODIFY `id` int(11) NOT NULL AUTO_INCREMENT, AUTO_INCREMENT=117;

--
-- AUTO_INCREMENT for table `routes`
--
ALTER TABLE `routes`
  MODIFY `id` int(11) NOT NULL AUTO_INCREMENT, AUTO_INCREMENT=171;

--
-- AUTO_INCREMENT for table `scaffoldinterfaces`
--
ALTER TABLE `scaffoldinterfaces`
  MODIFY `id` int(10) UNSIGNED NOT NULL AUTO_INCREMENT;

--
-- AUTO_INCREMENT for table `settings`
--
ALTER TABLE `settings`
  MODIFY `id` int(10) UNSIGNED NOT NULL AUTO_INCREMENT;

--
-- AUTO_INCREMENT for table `static_bodies`
--
ALTER TABLE `static_bodies`
  MODIFY `id` int(10) UNSIGNED NOT NULL AUTO_INCREMENT;

--
-- AUTO_INCREMENT for table `static_translations`
--
ALTER TABLE `static_translations`
  MODIFY `id` int(10) UNSIGNED NOT NULL AUTO_INCREMENT;

--
-- AUTO_INCREMENT for table `tans_bodies`
--
ALTER TABLE `tans_bodies`
  MODIFY `id` int(10) UNSIGNED NOT NULL AUTO_INCREMENT;

--
-- AUTO_INCREMENT for table `translatables`
--
ALTER TABLE `translatables`
  MODIFY `id` int(10) UNSIGNED NOT NULL AUTO_INCREMENT;

--
-- AUTO_INCREMENT for table `types`
--
ALTER TABLE `types`
  MODIFY `id` int(11) NOT NULL AUTO_INCREMENT, AUTO_INCREMENT=12;

--
-- AUTO_INCREMENT for table `users`
--
ALTER TABLE `users`
  MODIFY `id` int(10) UNSIGNED NOT NULL AUTO_INCREMENT, AUTO_INCREMENT=4;

--
-- Constraints for dumped tables
--

--
-- Constraints for table `categories`
--
ALTER TABLE `categories`
  ADD CONSTRAINT `categories_parent_id_foreign` FOREIGN KEY (`parent_id`) REFERENCES `categories` (`id`) ON DELETE CASCADE ON UPDATE CASCADE,
  ADD CONSTRAINT `categories_provider_id_foreign` FOREIGN KEY (`provider_id`) REFERENCES `providers` (`id`) ON DELETE CASCADE ON UPDATE CASCADE;

--
-- Constraints for table `contents`
--
ALTER TABLE `contents`
  ADD CONSTRAINT `contents_category_id_foreign` FOREIGN KEY (`category_id`) REFERENCES `categories` (`id`) ON DELETE CASCADE ON UPDATE CASCADE,
  ADD CONSTRAINT `contents_content_type_id_foreign` FOREIGN KEY (`content_type_id`) REFERENCES `content_types` (`id`) ON DELETE CASCADE ON UPDATE CASCADE;

--
-- Constraints for table `delete_all_flags`
--
ALTER TABLE `delete_all_flags`
  ADD CONSTRAINT `delete_all_flags_route_id_foreign` FOREIGN KEY (`route_id`) REFERENCES `routes` (`id`) ON DELETE CASCADE ON UPDATE CASCADE;

--
-- Constraints for table `operators`
--
ALTER TABLE `operators`
  ADD CONSTRAINT `operators_country_id_foreign` FOREIGN KEY (`country_id`) REFERENCES `countries` (`id`) ON DELETE CASCADE ON UPDATE CASCADE;

--
-- Constraints for table `posts`
--
ALTER TABLE `posts`
  ADD CONSTRAINT `posts_content_id_foreign` FOREIGN KEY (`content_id`) REFERENCES `contents` (`id`) ON DELETE CASCADE ON UPDATE CASCADE,
  ADD CONSTRAINT `posts_operator_id_foreign` FOREIGN KEY (`operator_id`) REFERENCES `operators` (`id`) ON DELETE CASCADE ON UPDATE CASCADE,
  ADD CONSTRAINT `posts_user_id_foreign` FOREIGN KEY (`user_id`) REFERENCES `users` (`id`) ON DELETE CASCADE ON UPDATE CASCADE;

--
-- Constraints for table `relations`
--
ALTER TABLE `relations`
  ADD CONSTRAINT `relations_scaffoldinterface_id_foreign` FOREIGN KEY (`scaffoldinterface_id`) REFERENCES `scaffoldinterfaces` (`id`) ON DELETE CASCADE;

--
-- Constraints for table `role_has_permissions`
--
ALTER TABLE `role_has_permissions`
  ADD CONSTRAINT `role_has_permissions_permission_id_foreign` FOREIGN KEY (`permission_id`) REFERENCES `permissions` (`id`) ON DELETE CASCADE,
  ADD CONSTRAINT `role_has_permissions_role_id_foreign` FOREIGN KEY (`role_id`) REFERENCES `roles` (`id`) ON DELETE CASCADE;

--
-- Constraints for table `role_route`
--
ALTER TABLE `role_route`
  ADD CONSTRAINT `role_route_ibfk_1` FOREIGN KEY (`route_id`) REFERENCES `routes` (`id`) ON DELETE CASCADE ON UPDATE CASCADE,
  ADD CONSTRAINT `role_route_ibfk_2` FOREIGN KEY (`role_id`) REFERENCES `roles` (`id`) ON DELETE CASCADE ON UPDATE CASCADE;

--
-- Constraints for table `settings`
--
ALTER TABLE `settings`
  ADD CONSTRAINT `settings_type_id_foreign` FOREIGN KEY (`type_id`) REFERENCES `types` (`id`) ON DELETE CASCADE ON UPDATE CASCADE;

--
-- Constraints for table `static_bodies`
--
ALTER TABLE `static_bodies`
  ADD CONSTRAINT `static_bodies_language_id_foreign` FOREIGN KEY (`language_id`) REFERENCES `languages` (`id`) ON DELETE CASCADE,
  ADD CONSTRAINT `static_bodies_static_translation_id_foreign` FOREIGN KEY (`static_translation_id`) REFERENCES `static_translations` (`id`) ON DELETE CASCADE;

--
-- Constraints for table `tans_bodies`
--
ALTER TABLE `tans_bodies`
  ADD CONSTRAINT `tans_bodies_language_id_foreign` FOREIGN KEY (`language_id`) REFERENCES `languages` (`id`) ON DELETE CASCADE,
  ADD CONSTRAINT `tans_bodies_translatable_id_foreign` FOREIGN KEY (`translatable_id`) REFERENCES `translatables` (`id`) ON DELETE CASCADE;

--
-- Constraints for table `user_has_permissions`
--
ALTER TABLE `user_has_permissions`
  ADD CONSTRAINT `user_has_permissions_permission_id_foreign` FOREIGN KEY (`permission_id`) REFERENCES `permissions` (`id`) ON DELETE CASCADE,
  ADD CONSTRAINT `user_has_permissions_user_id_foreign` FOREIGN KEY (`user_id`) REFERENCES `users` (`id`) ON DELETE CASCADE;

--
-- Constraints for table `user_has_roles`
--
ALTER TABLE `user_has_roles`
  ADD CONSTRAINT `user_has_roles_role_id_foreign` FOREIGN KEY (`role_id`) REFERENCES `roles` (`id`) ON DELETE CASCADE,
  ADD CONSTRAINT `user_has_roles_user_id_foreign` FOREIGN KEY (`user_id`) REFERENCES `users` (`id`) ON DELETE CASCADE;
COMMIT;

/*!40101 SET CHARACTER_SET_CLIENT=@OLD_CHARACTER_SET_CLIENT */;
/*!40101 SET CHARACTER_SET_RESULTS=@OLD_CHARACTER_SET_RESULTS */;
/*!40101 SET COLLATION_CONNECTION=@OLD_COLLATION_CONNECTION */;
